{
    "day": {
      "ave": {
        "Fri": 396.25,
        "Mon": 423.0,
        "Sat": 360.25,
        "Sun": 473.25,
        "Thu": 355.25,
        "Tue": 327.5,
        "Wed": 357.25
      },
      "std": {
        "Fri": 88.20572543775148,
        "Mon": 44.7288124888943,
        "Sat": 131.98832019033603,
        "Sun": 120.4778679536896,
        "Thu": 129.11332231803192,
        "Tue": 147.78926438231792,
        "Wed": 190.90202548253208
      }
    },
    "week": {
      "ave": 2692.75,
      "std": 261.54588507564023
    }
}